day,temp,condition
5,-1.4320780207890624,4
6,0.032547227745205846,1
4,-1.4320780207890624,0
0,0.032547227745205846,4
5,-1.4320780207890624,4
3,1.4971724762794743,5
1,-0.4556611884328836,4
5,0.5207556439232953,1
6,-0.943869604610973,3
4,1.0089640601013847,0
0,1.9853808924575636,4
2,0.032547227745205846,2
3,0.032547227745205846,4
1,0.5207556439232953,0
5,0.032547227745205846,4
